{
    "LSTM": {
        "F1": 0.8813694738131357,
        "Accuracy": 0.8814262023217247
    },
    "Random Forest": {
        "F1": 0.9636901674468028,
        "Accuracy": 0.9637096774193549
    },
    "Gradient Boost": {
        "F1": 0.9717590191252911,
        "Accuracy": 0.9717741935483871
    },
    "BiLSTM": {
        "F1": 0.8845185837283459,
        "Accuracy": 0.884742951907131
    },
    "Seq2Seq": {
        "F1": 0.8706210606801549,
        "Accuracy": 0.8706467661691543
    },
    "Seq2Seq_BiLSTM": {
        "F1": 0.8789145824314271,
        "Accuracy": 0.87893864013267
    }
}