{
    "LSTM": {
        "F1": 0.8831768401324018,
        "Accuracy": 0.8830845771144279
    },
    "Random Forest": {
        "F1": 0.9636901674468028,
        "Accuracy": 0.9637096774193549
    },
    "Gradient Boost": {
        "F1": 0.9717590191252911,
        "Accuracy": 0.9717741935483871
    },
    "BiLSTM": {
        "F1": 0.8955491810322547,
        "Accuracy": 0.8955223880597015
    },
    "Seq2Seq": {
        "F1": 0.8938068544619208,
        "Accuracy": 0.8938640132669984
    },
    "Seq2Seq_BiLSTM": {
        "F1": 0.8881394710680605,
        "Accuracy": 0.8880597014925373
    }
}