{
    "LSTM": {
        "F1": 0.8879782903663501,
        "Accuracy": 0.8880597014925373
    },
    "Random Forest": {
        "F1": 0.9636901674468028,
        "Accuracy": 0.9637096774193549
    },
    "Gradient Boost": {
        "F1": 0.9717590191252911,
        "Accuracy": 0.9717741935483871
    }
}